eps,k,topk,p,sigma
0.18410576276022084,5,100,1.3709765050330422,0.7723821575789599
