fiedler,spectral_gap,score,config,n_samples,dim
3732.0,-3731.9677153121124,0.032284687887568,baseline,N/A,128
2692.0,-2691.9703364437387,0.029663556261311896,optimized,N/A,128
