eps,k,topk,p,sigma
0.11305737956770195,4,3128,2.4391579047084493,0.0123633267648655
