fiedler,spectral_gap,score,config,n_samples,dim
0.032331484363008776,0.017248954796815236,0.53350333696866,baseline,5000,128
0.01653334253729121,0.015967750492631584,0.9657908227943669,optimized,5000,128
