eps,k,topk,p,sigma
0.05021418992931449,24,100,1.3466983611890513,0.019019833326462184
