eps,k,topk,p,sigma
0.11743219433003572,76,78,1.9611767576309782,0.2901199553116425
