fiedler,spectral_gap,score,config,n_samples,dim
0.00573363185015546,0.012704135729043688,2.2157222613968894,baseline,100,384
0.002798808958432374,0.009191367883770094,3.2840283207176175,optimized,100,384
