eps,k,topk,p,sigma
0.02737917571807933,20,100,2.6973856329876953,0.10470192973806117
